

USE votaciones_ulacit;

INSERT INTO catalogo_facultad VALUES 
(14,'CIENCIAS SOCIALES'),
(2,'CIENCIAS DE LA SALUD'),
(4,'INGENIERÍA'),
(5,'CIENCIAS EMPRESARIALES'),
(6,'DERECHO'),
(7,'VIC. ASUNTOS ESTUDIANTILES'),
(8,'EDUCACION Y ESTUDIOS GENERALES'),
(9,'PSICOLOGIA'),
(10,'GLOBAL EDUCATION'),
(11,'CIT'),
(12,'TECNOLOGIAS DE LA INFORMACIÓN'),
(13,'VIC. INVESTIGACIÓN'),
(15,'CIDE'),
(3,'FACULTAD DE MAESTRIA'),
(1,'CURSOS LIBRES');


INSERT INTO catalogo_escuela VALUES
(1,'INGENIERÍA INDUSTRIAL',4),
(2,'DERECHO',14),
(3,'ADMINISTRACIÓN',5),
(4,'CONTADURÍA',5),
(5,'EDUCACIÓN',14),
(7,'ODONTOLOGÍA',2),
(8,'INGENIERÍA INFORMÁTICA',12),
(10,'PSICOLOGÍA',9),
(11,'SALUD, SEGURIDAD Y MEDIO AMBIENTE',4),
(12,'CIDE',5),
(15,'MAESTRÍAS',3),
(16,'DOCTORADOS',2),
(17,'ESTUDIOS GENERALES',14),
(18,'CURSOS LIBRES',1),
(20,'ELECTRONICA',12),
(21,'ASUNTOS ESTUDIANTILES',7),
(22,'PUBLICIDAD',14),
(23,'ACE PROGRAM',10),
(24,'PROGRAMA DE INGLÉS GENERAL',14),
(25,'CIT: FILMACIÓN Y ANIMACIÓN',11),
(26,'CIT: TECNOLOGÍA',11),
(27,'INGLÉS GENERAL',8),
(28,'CIT: IDIOMAS',11),
(29,'CIT: DISEÑO',11),
(30,'CIT: EXTENSIÓN',11),
(31,'EXTENSIÓN',13),
(32,'QUÍMICA',4),
(33,'CIT: NEGOCIOS',11),
(34,'RELACIONES INTERNACIONALES',14),
(35,'CIDE CURSOS LIBRES',15),
(36,'PROGRAMAS ACADÉMICOS',15),
(99,'ESPECIALIZACIONES CIT',11),
(98,'ECONOMÍA EMPRESARIAL',5),
(97,'ADMINISTRACIÓN BILINGÜE',5);


INSERT INTO catalogo_plan VALUES
('100-004','TÉCNICO EN INGLÉS: ENGLISH LANGUAGE IMMERSION SYSTEM',5),
('100-005','TÉCNICO EN GESTIÓN EMPRESARIAL',3),
('100-009','TÉCNICO EN OPERADOR BILINGÜE DE CALL CENTER',5),
('100-014','TÉCNICO EN TRADUCCIÓN PROFESIONAL ESPAÑOL-INGLÉS',5),
('100-035','TÉCNICO EN SEGURIDAD LABORAL Y AMBIENTAL',11),
('100-043','TÉCNICO EN ASISTENTE DENTAL',7),
('100-060','TÉCNICO EN ASISTENCIA CONTABLE',4),
('100-061','TÉCNICO EN MERCADEO ELECTRÓNICO',22),
('100-062','TÉCNICO EN DISEÑO PUBLICITARIO',22),
('100-063','TÉCNICO EN GESTIÓN EMPRESARIAL',3),
('100-076','TÉCNICO EN PRODUCCIÓN PUBLICITARIA',22),
('300-001','BACHILLERATO EN BILINGUAL BUSINESS ADMINISTRATION',97),
('300-002','BACHILLERATO EN ADMINISTRACIÓN DE NEGOCIOS',3),
('300-004','BACHILLERATO EN ADMINISTRACIÓN EDUCATIVA',5),
('300-006','BACHILLERATO EN CONTADURIA',4),
('300-007','BACHILLERATO EN DERECHO',2),
('300-009','BACHILLERATO EN EDUCACIÓN ESPECIAL ÉNFASIS EN PROBLEMAS DE APRENDIZAJE',5),
('300-010','BACHILLERATO EN ENSEÑANZA DEL INGLÉS ÉNFASIS EN EDUCACIÓN PREESCOLAR',5),
('300-011','BACHILLERATO EN ENSEÑANZA Y TRADUCCIÓN DEL INGLES',5),
('300-012','BACHILLERATO EN INGENIERÍA EN CIRCUITOS Y SISTEMAS ELECTRÓNICOS',20),
('300-013','BACHILLERATO EN INGENIERÍA INDUSTRIAL',1),
('300-014','BACHILLERATO EN INGENIERÍA INFORMÁTICA',8),
('300-019','BACHILLERATO EN SALUD OCUPACIONAL',11),
('300-026','BACHILLERATO EN INGENIERÍA EN SEGURIDAD LABORAL Y AMBIENTAL',11),
('300-027','BACHILLERATO EN PUBLICIDAD CON ÉNFASIS EN PRODUCCIÓN MULTIMEDIA',22),
('300-029','BACHILLERATO EN ADMINISTRACIÓN DE NEGOCIOS',3),
('300-030','BACHILLERATO EN PSICOLOGÍA',10),
('300-031','BACHILLERATO EN BILINGUAL BACHELOR\'S PROGRAM IN INTERNATIONAL RELATIONS',34),
('300-032','BACHILLERATO EN INGENIERÍA INDUSTRIAL',1),
('300-033','BACHILLERATO EN INGENIERÍA INFORMÁTICA',8),
('300-034','BACHILLERATO EN ECONOMÍA EMPRESARIAL',98),
('300-035','BACHILLERATO EN CONTADURÍA',4),
('300-036','BACHILLERATO EN BACHELOR OF SCIENCE IN BUSINESS ADMINISTRATION',97),
('300-037','BACHILLERATO EN DERECHO',2),
('34','BACHILLERATO EN ADM. ENF. MERCADEO Y PUBLICIDAD',3),
('400-001','LICENCIATURA EN ADMINISTRACIÓN DE NEGOCIOS',3),
('400-002','LICENCIATURA EN COMPORTAMIENTO ORGANIZACIONAL',3),
('400-003','LICENCIATURA EN CONTADURÍA PÚBLICA',4),
('400-004','LICENCIATURA EN DERECHO',2),
('400-005','LICENCIATURA EN DERECHO CON ÉNFASIS EN DERECHO EMPRESARIAL',2),
('400-006','LICENCIATURA EN DERECHO CON ÉNFASIS EN DERECHO PENAL',2),
('400-007','LICENCIATURA EN DERECHO CON ÉNFASIS EN DERECHO TRIBUTARIO',2),
('400-008','LICENCIATURA EN FINANZAS',3),
('400-010','LICENCIATURA EN INGENIERÍA INDUSTRIAL',1),
('400-011','LICENCIATURA EN INGENIERÍA INDUSTRIAL ÉNFASIS GESTIÓN DE OPERACIONES',1),
('400-012','LICENCIATURA EN INGENIERÍA INDUSTRIAL ÉNFASIS INGENIERÍA DE LA CALIDAD',1),
('400-013','LICENCIATURA EN ING. INDUSTRIAL ÉNFASIS SISTEMAS MODERNOS MANUFACTURA',1),
('400-015','LICENCIATURA EN INGENIERÍA INFORMÁTICA ÉNFASIS DESARROLLO DE SOFTWARE',8),
('400-016','LICENCIATURA EN ING. INFORMÁTICA ÉNF. GESTIÓN RECURSOS TECNOLÓGICOS',8),
('400-017','LICENCIATURA EN ING. INFORMÁTICA ÉNFASIS REDES Y SISTEMAS TELEMÁTICOS',8),
('400-018','LICENCIATURA EN MERCADEO',3),
('400-019','LICENCIATURA EN NEGOCIOS INTERNACIONALES',3),
('400-020','LICENCIATURA EN ODONTOLOGIA',7),
('400-022','LICENCIATURA EN SALUD OCUPACIONAL ÉNFASIS EN SEGURIDAD INDUSTRIAL',11),
('400-024','LICENCIATURA EN INGENIERÍA INDUSTRIAL CON ÉNFASIS EN GESTIÓN DE LA CADENA DE SUMINISTR',1),
('400-025','LICENCIATURA EN ODONTOLOGIA',7),
('400-027','LICENCIATURA EN PSICOLOGÍA',10),
('400-028','LICENCIATURA EN INGENIERÍA QUÍMICA INDUSTRIAL',32),
('400-029','LICENCIATURA EN CONTADURÍA PÚBLICA',4),
('400-031','LICENCIATURA EN DERECHO',2),
('500-002','ESPECIALIDAD EN DERECHO NOTARIAL Y REGISTRAL',2),
('500-003','ESPECIALIDAD ORTODONCIA EN ORTODONCIA Y ORTOPEDIA FUNCIONAL',7),
('600-002','MAESTRÍA EN ADM. DE EMPRESAS CON ÉNFASIS EN COMERCIO INTERNACIONAL',3),
('600-003','MAESTRÍA EN ADMINISTRACIÓN DE EMPRESAS CON ÉNFASIS EN FINANZAS',3),
('600-004','MAESTRÍA EN ADM. DE EMPRESAS CON MENCIÓN EN GERENCIA DE LA CALIDAD',3),
('600-005','MAESTRÍA EN ADM. DE EMPRESAS CON ÉNFASIS EN GERENCIA DE OPERACIONES',3),
('600-006','MAESTRÍA EN ADMINISTRACIÓN DE EMPRESAS CON ÉNFASIS EN MERCADEO',3),
('600-007','MAESTRÍA EN ADM. DE EMPRESAS CON ÉNFASIS EN RECURSOS HUMANOS',3),
('600-011','MAESTRÍA EN ASESORIA FISCAL DE EMPRESAS',2),
('600-013','MAESTRÍA EN CURRÍCULUM Y DOCENCIA UNIVERSITARIA',10),
('600-014','MAESTRÍA EN DERECHO EMPRESARIAL',2),
('600-015','MAESTRÍA EN DERECHO TRIBUTARIO',2),
('600-017','MAESTRÍA EN ENSEÑANZA INGLÉS C/ MENC. DIREC. Y EVAL. DE PROGR. INGLÉS',5),
('600-019','MAESTRÍA EN TECNOLOGÍAS DE INFORMACIÓN C/MENC. ADM. DE PROYECTOS',8),
('600-020','MAESTRÍA EN MAESTRIA PROFESIONAL EN PSICOPEDAGOGÍA',10),
('600-022','MAESTRÍA EN MAESTRÍA EN GERENCIA DE PROYECTOS',3),
('600-027','MAESTRÍA EN ADM. DE EMPRESAS CON ÉNFASIS EN GERENCIA SOCIAL',3),
('600-028','MAESTRÍA EN ADM. DE EMPRESAS CON ÉNFASIS EN ADMINISTRACIÓN DE LA TECNOLOGÍA',3),
('601-001','POSGRADO EN ASESORÍA FISCAL',3),
('601-003','POSGRADO EN COMERCIO INTERNACIONAL',3),
('601-004','POSGRADO EN FINANZAS',3),
('601-005','POSGRADO EN GERENCIA DE OPERACIONES',3),
('601-006','POSGRADO EN MERCADEO',3),
('601-007','POSGRADO EN RECURSOS HUMANOS',3),
('601-008','POSGRADO EN GERENCIA SOCIAL',3),
('900-002','ESPECIALIZACIÓN EN DISEÑO GRÁFICO',99),
('900-003','ESPECIALIZACIÓN EN FOTOGRAFÍA DIGITAL',99),
('900-005','ESPECIALIZACIÓN EN ORGANIZACIÓN DE EVENTOS',99),
('900-009','ESPECIALIZACIÓN EN SEGURIDAD INFORMÁTICA',99),
('900-010','ESPECIALIZACIÓN EN PROGRAMACIÓN Y DESARROLLO DE SOFTWARE',99),
('900-011','ESPECIALIZACIÓN EN DISEÑO Y PROGRAMACIÓN WEB',99),
('900-014','ESPECIALIZACIÓN EN ADMINISTRACIÓN DE BASE DE DATOS ORACLE',99),
('900-016','ESPECIALIZACIÓN EN ANIMACIÓN DIGITAL Y EFECTOS VISUALES',99),
('900-017','ESPECIALIZACIÓN EN DESARROLLO DE VIDEOJUEGOS',99),
('900-020','ESPECIALIZACIÓN EN PRODUCCIÓN DE CINE Y TELEVISIÓN',99),
('900-021','ESPECIALIZACIÓN EN INGENIERÍA DEL SONIDO',99),
('900-023','ESPECIALIZACIÓN EN EDICIÓN DE CINE Y TELEVISIÓN',99),
('900-024','ESPECIALIZACIÓN EN PRODUCCIÓN DE MÚSICA ELECTRÓNICA Y DJ',99),
('900-025','ESPECIALIZACIÓN EN DIRECCIÓN DE CINE Y TELEVISIÓN',99),
('900-026','ESPECIALIZACIÓN EN ESCRITURA CREATIVA PARA EL ENTRETENIMIENTO',99),
('900-036','ESPECIALIZACIÓN EN SOCIAL MEDIA MANAGER',99),
('900-037','ESPECIALIZACIÓN EN DISEÑO Y CONSTRUCCIÓN DE JARDINES',99),
('900-039','ESPECIALIZACIÓN EN DISEÑO DEL ESPACIO INTERNO',99),
('900-041','ESPECIALIZACIÓN EN DISEÑO Y PLANIFICACIÓN DE EVENTOS',99),
('900-042','ESPECIALIZACIÓN EN CINE Y TELEVISIÓN DIGITAL',99),
('900-043','ESPECIALIZACIÓN EN ESCRITURA CREATIVA PARA EL ENTRETENIMIENTO',99),
('900-044','ESPECIALIZACIÓN EN PRODUCCIÓN MUSICAL Y DISEÑO SONORO PARA MEDIOS DIGITALES',99),
('900-045','ESPECIALIZACIÓN EN INGENIERÍA DEL SONIDO',99),
('900-046','ESPECIALIZACIÓN EN DISEÑO Y PROGRAMACIÓN DE VIDEOJUEGOS',99),
('900-047','ESPECIALIZACIÓN EN ANIMACIÓN DIGITAL Y EFECTOS VISUALES',99),
('900-048','ESPECIALIZACIÓN EN DISEÑO GRÁFICO',99),
('900-049','ESPECIALIZACIÓN EN FOTOGRAFÍA DIGITAL',99),
('900-050','ESPECIALIZACIÓN EN DISEÑO Y PROGRAMACIÓN DE SOFTWARE PARA WEB',99),
('900-051','ESPECIALIZACIÓN EN DISEÑO Y PROGRAMACIÓN DE SOFTWARE PARA MÓVILES',99),
('900-052','ESPECIALIZACIÓN EN INGENIERÍA DEL SOFTWARE',99),
('900-053','ESPECIALIZACIÓN EN SOCIAL MEDIA MANAGER',99),
('900-054','ESPECIALIZACIÓN EN SEGURIDAD INFORMÁTICA',99),
('900-055','ESPECIALIZACIÓN EN ADMINISTRACIÓN DE BASES DE DATOS ORACLE',99),
('900-056','ESPECIALIZACIÓN EN ADMINISTRACIÓN DE BASES DE DATOS EN TECNOLOGÍA MICROSOFT',99),
('900-058','ESPECIALIZACIÓN EN INGLÉS CONVERSACIONAL',99);


/*ESTUDIANTES*/
INSERT INTO t_estudiante VALUES 
('115890450','BROWN','BROWN','JOHN JOSE','M','1994-11-21','jbrownb450@ulacit.ed.cr'),
('207690477','PÉREZ','CAMPOS','JEYCOOD JORDANY ','M','1997-08-17','jperezc477@ulacit.ed.cr'),
('116230946','RODRIGUEZ','TENCIO','REBECA MARÍA','F','1995-11-12','rrodriguezt946@ulacit.ed.cr'),
('117050097','DIAZ','RAMIREZ','VERONICA  ANDREA','F','1998-03-20','vdiazr097@ulacit.ed.cr'),
('116610401','ARRIETA ','ALFARO ','DANIEL JESÚS ','M','1996-12-05','darrietaa401@ulacit.ed.cr'),





/*PLAN DE ESTUDIANTES*/
INSERT INTO plan_estudiante VALUES
('115890450','300-033'),
('207690477','300-033'),
('116230946','300-012'),
('117050097','300-033'),
('116610401','300-033');


/*PARTIDOS OFICIAL*/

/*Administracion de negocios*/
INSERT into t_partido values 
(1,'UNIS',3, 0,'UNIS');
INSERT into t_partido values 
(2,'Nulo',3, 0,'Nulo');



/*CIT-ESCAZU -----*/ 
/*
INSERT into t_partido values 
(3,'Tecnologico Estudiantil',99, 0,'');
INSERT into t_partido values 
(4,'Nulo',99, 0,'Nulo');
*/

/*Contaduria*/
INSERT into t_partido values 
(5,'IN-CA',4, 0,'IN-CA');
INSERT into t_partido values 
(6,'Nulo',4, 0,'Nulo');


/*Escuela de derecho*/
INSERT into t_partido values 
(7,'LSA',2, 0,'LSA');
INSERT into t_partido values 
(8,'IURIS',2, 0,'IURIS');
INSERT into t_partido values 
(9,'Nulo',2, 0,'Nulo');


/*Economia empresarial*/

INSERT into t_partido values 
(10,'E.U.C.O',98, 0,'E.U.C.O');
INSERT into t_partido values 
(11,'Nulo',98, 0,'Nulo');


/*Ingenieria en circuitos y sistemas Electronicos*/
INSERT into t_partido values 
(12,'PAE',20, 0,'PAE');
INSERT into t_partido values 
(13,'Nulo',20, 0,'Nulo');


/*Ingenieria en seguridad laboral y ambiental ----  ver escuela*/
INSERT into t_partido values 
(14,'PAMISO',11, 0,'PAMISO');
INSERT into t_partido values 
(15,'Nulo',11, 0,'Nulo');



/*Ingenieria industrial*/
INSERT into t_partido values 
(16,'Mii',1, 0,'Mii');
INSERT into t_partido values 
(17,'PIV',1, 0,'PIV');
INSERT into t_partido values 
(18,'Nulo',1, 0,'Nulo');

/*Ingenieria informatica*/
INSERT into t_partido values 
(19,'Partido Avance Tecnologico',8, 0,'');
INSERT into t_partido values 
(20,'A.C.T',8, 0,'A.C.T');
INSERT into t_partido values 
(21,'Nulo',8, 0,'Nulo');



/*Ingenieria quimica industrial*/
INSERT into t_partido values 
(22,'IqE',32, 0,'IqE');
INSERT into t_partido values 
(23,'Nulo',32, 0,'Nulo');


/*Odontologia*/
INSERT into t_partido values 
(24,'PAO',7, 0,'PAO');
INSERT into t_partido values 
(25,'FUERO',7, 0,'FUREO');
INSERT into t_partido values 
(26,'Nulo',7, 0,'Nulo');


/*PSICOLOGIA*/
INSERT into t_partido values 
(27,'PEE',10, 0,'');
INSERT into t_partido values 
(28,'Nulo',10, 0,'Nulo');


/*Publicidad*/
INSERT into t_partido values 
(29,'DEER',22, 0,'DEER');
INSERT into t_partido values 
(30,'Nulo',22, 0,'Nulo');


/*Relaciones internacionales*/
INSERT into t_partido values 
(31,'International Awareness Party',34, 0,'');
INSERT into t_partido values 
(32,'Nulo',34, 0,'Nulo');


/*Science in Business Adminitration*/
INSERT into t_partido values 
(33,'LIME',97, 0,'LIME');
INSERT into t_partido values 
(34,'Nulo',97, 0,'Nulo');



/*FISCALES*/

INSERT INTO t_fiscal values
('207690477','jeyjpc17'),
('115890450','jb2017bb'),
('117050097','verodr2017');


COMMIT;
			 





